"Period",Total,Total,Total,Total,Total,Total,Total,Total,Total,Total,Total,Total,Total,Total,Total,Total,Total,Total,Total,Total,Total,Total,Total,Total,Total,Total,General mall,General mall,General mall,General mall,General mall,General mall,General mall,General mall,General mall,General mall,General mall,General mall,General mall,General mall,General mall,General mall,General mall,General mall,General mall,General mall,General mall,General mall,General mall,General mall,General mall,General mall,Specialized mall,Specialized mall,Specialized mall,Specialized mall,Specialized mall,Specialized mall,Specialized mall,Specialized mall,Specialized mall,Specialized mall,Specialized mall,Specialized mall,Specialized mall,Specialized mall,Specialized mall,Specialized mall,Specialized mall,Specialized mall,Specialized mall,Specialized mall,Specialized mall,Specialized mall,Specialized mall,Specialized mall,Specialized mall,Specialized mall
"Period",Total,Computers and computer-related appliances,Home electric appliances electronic and telecommunication equipment ,Home electric appliances electronic and telecommunication equipment ,Home electric appliances electronic and telecommunication equipment ,Books,Office appliances and stationery,Clothing,Footwear,Luggage,Fashion and accessories,Sports and leisure appliances,Cosmetics,Goods for infants and children,Food & beverages,Agriculture livestock and fishery products,Household goods,Motor vehicle motor vihicle parts and accessories,Furniture,Pet products,Travel arrangement and transportation services,Culture and leisure services,E-coupon services,Food services,Miscellaneous services,Others,Total,Computers and computer-related appliances,Home electric appliances electronic and telecommunication equipment ,Home electric appliances electronic and telecommunication equipment ,Home electric appliances electronic and telecommunication equipment ,Books,Office appliances and stationery,Clothing,Footwear,Luggage,Fashion and accessories,Sports and leisure appliances,Cosmetics,Goods for infants and children,Food & beverages,Agriculture livestock and fishery products,Household goods,Motor vehicle motor vihicle parts and accessories,Furniture,Pet products,Travel arrangement and transportation services,Culture and leisure services,E-coupon services,Food services,Miscellaneous services,Others,Total,Computers and computer-related appliances,Home electric appliances electronic and telecommunication equipment ,Home electric appliances electronic and telecommunication equipment ,Home electric appliances electronic and telecommunication equipment ,Books,Office appliances and stationery,Clothing,Footwear,Luggage,Fashion and accessories,Sports and leisure appliances,Cosmetics,Goods for infants and children,Food & beverages,Agriculture livestock and fishery products,Household goods,Motor vehicle motor vihicle parts and accessories,Furniture,Pet products,Travel arrangement and transportation services,Culture and leisure services,E-coupon services,Food services,Miscellaneous services,Others
"Period",Sub Summary,Sub Summary,Sub Summary,Home electric appliances and electronic equipment ,Telecommunication equipment ,Sub Summary,Sub Summary,Sub Summary,Sub Summary,Sub Summary,Sub Summary,Sub Summary,Sub Summary,Sub Summary,Sub Summary,Sub Summary,Sub Summary,Sub Summary,Sub Summary,Sub Summary,Sub Summary,Sub Summary,Sub Summary,Sub Summary,Sub Summary,Sub Summary,Sub Summary,Sub Summary,Sub Summary,Home electric appliances and electronic equipment ,Telecommunication equipment ,Sub Summary,Sub Summary,Sub Summary,Sub Summary,Sub Summary,Sub Summary,Sub Summary,Sub Summary,Sub Summary,Sub Summary,Sub Summary,Sub Summary,Sub Summary,Sub Summary,Sub Summary,Sub Summary,Sub Summary,Sub Summary,Sub Summary,Sub Summary,Sub Summary,Sub Summary,Sub Summary,Sub Summary,Home electric appliances and electronic equipment ,Telecommunication equipment ,Sub Summary,Sub Summary,Sub Summary,Sub Summary,Sub Summary,Sub Summary,Sub Summary,Sub Summary,Sub Summary,Sub Summary,Sub Summary,Sub Summary,Sub Summary,Sub Summary,Sub Summary,Sub Summary,Sub Summary,Sub Summary,Sub Summary,Sub Summary,Sub Summary
"2017.01",7310479,422384,602122,-,-,151230,53192,864515,103798,143643,143439,201380,654145,259790,675851,259029,592310,80144,188602,53096,1215463,164254,88648,183355,65597,144492,4801433,285375,542475,-,-,42088,32882,476916,73471,123077,116467,164725,541252,239304,548272,219055,494081,72567,156532,38440,321684,85512,84442,6624,21586,114606,2509046,137009,59647,-,-,109142,20310,387599,30327,20566,26972,36655,112893,20486,127579,39974,98229,7577,32070,14656,893779,78742,4206,176731,44011,29886
"2017.02",7148849,475342,626874,-,-,154330,60403,827672,118631,163204,146885,207110,729228,262204,573082,167546,607119,76677,219176,62005,1110440,123892,80796,173924,40733,141578,4767941,321703,566014,-,-,41768,38316,457902,85212,139641,118304,167746,615478,237116,459748,144476,514838,69152,182747,48363,272058,74093,77196,5015,16766,114289,2380908,153639,60860,-,-,112562,22087,369770,33419,23563,28581,39364,113750,25088,113334,23070,92281,7525,36429,13642,838382,49799,3600,168909,23967,27289
"2017.03",7747011,473351,667726,-,-,185571,70006,1042742,153293,168660,165677,257361,715294,300200,641671,194150,619493,81297,240688,65265,1072596,138133,90149,192095,35946,175648,5180939,322518,597969,-,-,48851,45861,569404,114697,146182,136039,208199,609437,273482,512756,168778,518912,72947,199984,50879,241165,90719,86439,5406,14624,145691,2566072,150833,69757,-,-,136720,24145,473338,38596,22478,29638,49162,105857,26718,128915,25372,100581,8350,40704,14386,831431,47414,3710,186689,21322,29957
"2017.04",7380795,368280,716708,-,-,122418,61954,972647,151628,159399,165183,283154,583336,293596,652914,176139,575323,80513,206024,59383,1134841,119599,84933,196543,53217,163064,4921316,242177,633963,-,-,35641,40174,538627,114442,136921,139550,233756,487074,263196,525220,149718,481074,72551,171914,45178,281224,76449,81337,6973,30009,134148,2459479,126103,82745,-,-,86777,21780,434020,37186,22478,25633,49398,96262,30400,127694,26421,94249,7962,34110,14205,853617,43150,3596,189570,23208,28916
"2017.05",7621719,350923,861618,-,-,114380,57239,978235,160562,152370,168702,292971,622853,274565,633354,175762,600558,87211,201440,56112,1181895,133785,98613,210565,43491,164517,5107846,226826,781707,-,-,30214,35960,543161,120470,133230,141626,243269,524476,251146,509764,148558,506948,78183,171363,41468,291793,65767,94049,5303,24092,138473,2513873,124097,79911,-,-,84166,21279,435074,40092,19140,27076,49702,98377,23419,123590,27204,93610,9028,30077,14644,890102,68018,4564,205262,19399,26044
"2017.06",7515130,376719,752474,-,-,116272,55970,909742,156160,149442,162825,289069,652533,259069,641593,180848,597243,88191,203584,56092,1210908,144311,95019,195630,41104,180332,5067345,250945,683616,-,-,32454,35816,511973,118022,131069,135549,239759,536260,232732,516503,154118,507165,79270,172701,41433,327154,89547,91796,5432,22681,151350,2447785,125774,68858,-,-,83818,20154,397769,38138,18373,27276,49310,116273,26337,125090,26730,90078,8921,30883,14659,883754,54764,3223,190198,18423,28982
"2017.07",7898554,380974,926867,-,-,143084,53826,887371,140746,151719,170035,292683,619456,264579,638176,182683,613589,94244,211657,58500,1379402,151647,91627,224624,52019,169045,5280825,246949,843851,-,-,40865,33219,498479,106082,132921,140384,246000,517882,241335,516393,156967,527744,83033,181401,43816,381031,80678,88163,5543,27804,140285,2617729,134025,83016,-,-,102219,20607,388892,34664,18798,29651,46683,101574,23244,121783,25716,85845,11211,30256,14684,998371,70969,3464,219081,24215,28760
"2017.08",7859658,416393,758482,-,-,149989,57751,758225,118311,163461,178204,266351,652563,263530,692641,194090,631622,92700,226983,60590,1406339,184883,100868,253760,52619,179305,5181631,269731,687755,-,-,42881,36470,422209,87884,142901,145205,222139,564347,238365,559000,165669,540396,83371,194140,46175,366389,84701,96970,6427,31859,146647,2678027,146662,70727,-,-,107108,21281,336016,30427,20560,32999,44212,88216,25165,133641,28421,91226,9329,32843,14415,1039950,100182,3898,247333,20760,32658
"2017.09",8151143,399512,706658,-,-,136666,60475,959679,140246,165215,170345,265466,717116,272277,827851,288964,653743,86998,227801,66077,1222948,127031,100399,239118,124287,192273,5395788,258082,623981,-,-,38619,38963,519861,101976,145063,141409,218446,619415,246577,686780,243766,544821,78284,192992,51449,279835,77623,95652,5664,27433,159097,2755355,141430,82677,-,-,98047,21512,439818,38270,20152,28936,47020,97701,25700,141071,45198,108922,8714,34809,14628,943113,49408,4747,233454,96854,33176
"2017.10",7661802,353524,728407,-,-,113732,56321,1034705,140365,157007,161449,274798,677876,260541,608615,174780,602048,80475,223084,64491,1207513,179505,96038,242774,52464,171293,5086882,229332,664648,-,-,31409,35097,594676,102528,137851,133956,223605,590519,236837,489116,149586,513374,72515,191989,50183,277425,98821,91829,6200,24566,140820,2574920,124192,63759,-,-,82323,21224,440029,37837,19156,27493,51193,87357,23704,119499,25194,88674,7960,31095,14308,930088,80684,4209,236574,27898,30473
"2017.11",8996978,460739,948510,-,-,132523,67942,1443945,175549,169508,189580,313019,789224,299591,701590,208744,708613,89567,242170,72675,1157662,145082,124328,280640,56711,219066,6160799,304579,834432,-,-,38387,44638,884356,129733,149850,160784,264859,661160,270151,578513,176279,605478,79295,208410,57898,270651,106177,118643,5420,27620,183486,2836179,156160,114078,-,-,94136,23304,559589,45816,19658,28796,48160,128064,29440,123077,32465,103135,10272,33760,14777,887011,38905,5685,275220,29091,35580
"2017.12",8893647,475478,815267,-,-,161681,77865,1195890,154928,180854,206100,258250,703544,377236,709684,221852,681900,85223,220685,62280,1278343,207050,150210,339540,56692,273094,5997893,311712,740659,-,-,50983,50117,728001,115721,161003,172891,216467,598367,336263,582704,180356,581158,74570,189116,48008,323468,123824,142817,4669,26217,238802,2895754,163766,74608,-,-,110698,27748,467889,39207,19851,33209,41783,105177,40973,126980,41496,100742,10653,31569,14272,954875,83226,7393,334871,30475,34292
"2018.01",9027008,511674,858256,-,-,171254,72870,964236,131568,186542,195299,230779,770908,295195,846822,251910,710430,77220,251892,72178,1491434,182387,105594,347457,73143,227959,5934657,354076,770198,-,-,56287,45912,549847,89750,163851,161089,192335,660882,260995,690539,220796,604734,71246,217595,57236,345332,104882,100692,3120,28555,184708,3092351,157598,88058,-,-,114967,26958,414389,41818,22691,34210,38444,110026,34200,156283,31114,105696,5974,34297,14942,1146102,77505,4902,344337,44588,43251
"2018.02",8207296,453408,770401,-,-,147783,71721,825152,124447,178154,178379,200710,746376,268618,814658,289778,636039,65502,241563,60944,1246049,151838,129231,324245,57680,224621,5468657,322160,691681,-,-,45433,42456,456043,86339,154221,144848,162455,632572,241759,663266,244150,538524,59965,208862,47728,285742,90887,123477,2764,30599,192726,2738639,131248,78720,-,-,102350,29265,369109,38108,23933,33531,38255,113804,26859,151392,45628,97515,5537,32701,13216,960307,60951,5754,321481,27081,31895
"2018.03",9375766,504061,946627,-,-,191597,81900,1163132,169117,194190,210147,283820,831653,298883,826873,228800,739338,83898,277056,68634,1264187,171416,139594,361763,61834,277245,6269973,346880,839705,-,-,54612,50923,656663,117218,171868,175151,233034,709180,266976,655642,198231,627714,76393,239571,54690,268504,115633,134838,4286,32855,239406,3105793,157181,106922,-,-,136985,30977,506469,51899,22322,34996,50786,122473,31907,171231,30569,111624,7505,37485,13944,995683,55783,4756,357477,28979,37839
"2018.04",9034274,409054,945259,-,-,144169,68006,1078268,169439,185469,196288,298574,802428,320420,810015,215400,709864,82601,260782,70338,1320458,164965,133138,365956,62168,221213,6039799,278377,855166,-,-,43305,44235,596395,118680,163933,161918,244705,703238,285541,648922,185975,608103,76447,227028,56127,313299,79720,128762,3706,38469,177748,2994475,130677,90093,-,-,100864,23771,481873,50759,21536,34370,53869,99190,34879,161093,29425,101761,6154,33754,14211,1007159,85245,4376,362250,23699,43465
"2018.05",9363224,404235,1026133,-,-,129125,63621,1101406,172582,190609,198073,330784,818526,310798,849044,221735,715962,84011,254665,69233,1429210,153740,169050,389395,58382,222905,6268453,276853,931725,-,-,39387,40848,613756,120019,171139,162931,275905,715628,275750,682086,190454,617229,77780,223364,55227,342957,72724,163745,4092,34617,180237,3094771,127382,94408,-,-,89738,22773,487650,52563,19470,35142,54879,102898,35048,166958,31281,98733,6231,31301,14006,1086253,81016,5305,385303,23765,42668
"2018.06",8965075,371844,963674,-,-,117353,59557,1017864,164251,176525,189401,325017,772505,271934,811245,214272,687897,81252,243327,75126,1413924,169621,165691,413053,59336,200405,6011523,256035,875827,-,-,36806,38312,570472,114032,157383,153643,272875,678702,242982,658740,183720,596753,74326,213403,61497,372593,92827,161475,4465,35901,158754,2953552,115809,87847,-,-,80547,21245,447392,50219,19142,35758,52142,93803,28952,152505,30552,91144,6926,29924,13629,1041331,76794,4216,408588,23435,41651
"2018.07",9653420,404250,1188194,-,-,148060,62526,992332,157952,192018,209945,360361,778966,287390,866906,224230,740180,91030,247840,75847,1568131,164228,171906,456927,62419,201779,6494362,281841,1088967,-,-,44441,42463,555383,106228,169432,170155,307137,683067,260921,701912,194743,645162,83758,219507,62196,431726,73594,167406,5161,37125,162037,3159058,122409,99227,-,-,103619,20063,436949,51724,22586,39790,53224,95899,26469,164994,29487,95018,7272,28333,13651,1136405,90634,4500,451766,25294,39742
"2018.08",9270381,418905,960593,-,-,149224,62271,828362,125953,180739,194350,300229,801984,275805,905132,235082,714937,84879,244396,71481,1560063,213527,180791,496930,62096,202654,6107050,288936,852645,-,-,46128,41620,458165,84681,159669,158362,248371,714885,248708,742191,203711,625276,77524,215555,58059,415017,83447,175036,5994,37691,165379,3163331,129969,107948,-,-,103096,20651,370197,41272,21070,35988,51858,87099,27097,162941,31371,89661,7355,28841,13422,1145046,130080,5755,490936,24405,37275
"2018.09",9137279,382179,792407,-,-,128183,58392,1003952,139473,176869,169357,304161,849617,273741,1000055,310020,691804,78457,242257,66227,1265599,183281,203876,463750,133184,220440,6108059,267238,712763,-,-,39537,39397,539397,94220,156186,140112,252728,755190,245866,823791,267997,600745,71232,214698,54144,313755,93017,197932,5925,39880,182309,3029220,114941,79644,-,-,88646,18995,464555,45253,20683,29245,51433,94427,27875,176264,42023,91059,7225,27559,12083,951844,90264,5944,457825,93304,38131
"2018.10",10016442,419744,989521,-,-,131744,71115,1350908,164235,184737,182647,389324,894287,308862,910407,238060,788705,88244,296675,69666,1329206,186480,202733,502456,75523,241164,6754249,281410,883715,-,-,42101,48483,776226,113980,164628,150855,325114,781848,275656,744120,208817,683002,81228,259024,55620,322039,112789,198137,6721,37761,200975,3262193,138334,105806,-,-,89643,22632,574682,50255,20109,31792,64210,112439,33206,166287,29243,105703,7016,37651,14046,1007167,73691,4596,495735,37762,40189
"2018.11",10574144,468166,1182355,-,-,142405,76364,1482193,188387,180036,192160,373871,911566,310073,927668,256669,799848,98099,295741,68301,1296434,187011,239185,510496,75220,311896,7150467,328515,1005001,-,-,47161,51752,858317,127756,159792,158604,320541,791074,275256,751072,220090,698959,85205,258019,55778,306125,112801,233031,7167,41534,256917,3423677,139651,177354,-,-,95244,24612,623876,60631,20244,33556,53330,120492,34817,176596,36579,100889,12894,37722,12523,990309,74210,6154,503329,33686,54979
"2018.12",10689701,501362,1043945,-,-,168500,89744,1390544,179236,201321,220802,332875,873247,393574,925608,254558,787821,94668,280075,68077,1396719,196749,267753,630349,78190,313984,7124412,340479,902122,-,-,57308,62608,828920,127860,179429,183841,284678,763074,347909,749143,216101,687968,85107,240453,55407,330109,104796,258509,9246,42152,267193,3565289,160883,141823,-,-,111192,27136,561624,51376,21892,36961,48197,110173,45665,176465,38457,99853,9561,39622,12670,1066610,91953,9244,621103,36038,46791
"2019.01",10811796,561512,1063081,-,-,173949,79764,1107321,159646,202289,191270,275432,901348,313678,1193353,413272,831769,96468,284702,72818,1538638,167713,240122,621909,97802,223939,7106249,380611,937497,-,-,59577,56634,603970,97997,173747,155038,231644,790729,281383,992377,339978,725810,89706,240032,59833,368456,81403,230335,8860,32210,168422,3705547,180901,125584,-,-,114372,23130,503351,61649,28542,36232,43788,110619,32295,200976,73294,105959,6762,44670,12985,1170182,86310,9787,613049,65592,55517
"2019.02",9666871,542469,982059,-,-,154317,71208,959743,156431,211934,185262,251940,863072,286419,867434,231118,735651,79857,273700,65332,1417432,182936,234109,614963,77885,221598,6290286,383596,873576,-,-,50592,50845,510048,95192,180043,143894,202519,776935,255640,711906,191677,644015,72979,237189,51946,337784,68241,225435,7796,32223,186215,3376585,158873,108483,-,-,103725,20363,449695,61239,31891,41368,49421,86137,30779,155528,39441,91636,6878,36511,13386,1079648,114695,8674,607167,45662,35383
"2019.03",11296239,532496,1324884,-,-,196741,81741,1238235,206810,230083,211277,331660,1025719,337553,1027271,278404,869192,106893,309508,73144,1379761,176085,257544,694509,78986,327742,7557079,376898,1162672,-,-,62151,58472,668653,125292,198163,165785,267194,927950,306546,844768,226657,759621,94899,269567,59227,322386,82529,248306,8882,37837,282624,3739160,155598,162212,-,-,134590,23269,569582,81518,31920,45492,64466,97769,31007,182503,51747,109571,11994,39941,13917,1057375,93556,9238,685627,41149,45118
"2019.04",10763785,469169,1134227,-,-,147909,80638,1204083,204171,218640,213521,361085,963721,354227,1058853,286290,821882,97417,288266,75924,1395058,200034,226798,686320,79595,195957,7070866,317643,989535,-,-,49798,57681,652322,128539,191234,169331,293787,871762,316923,873534,230675,715775,90522,249753,61405,321195,86424,217302,8139,35284,142303,3692919,151526,144692,-,-,98111,22957,551761,75632,27406,44190,67298,91959,37304,185319,55615,106107,6895,38513,14519,1073863,113610,9496,678181,44311,53654
"2019.05",11374817,440108,1296165,-,-,133322,72149,1278281,217438,225132,233789,408724,990437,347942,1111609,285288,862291,106336,289865,77463,1489894,204178,275980,742382,90207,195838,7539785,306740,1155073,-,-,43926,51853,681161,136863,197345,186159,337570,909487,314303,915404,227505,759846,95477,251021,63024,351780,82340,265080,8711,47920,151197,3835032,133368,141092,-,-,89396,20296,597120,80575,27787,47630,71154,80950,33639,196205,57783,102445,10859,38844,14439,1138114,121838,10900,733671,42287,44641
"2019.06",10725166,389195,1177804,-,-,122458,63607,1133621,211418,210523,215417,363405,944962,303935,1040151,269840,812251,98707,274041,77825,1483712,248326,259856,774478,87966,161668,6955232,257071,1062829,-,-,39659,45285,590154,121518,184055,168521,301238,859308,271866,842440,217797,715873,88243,233412,64891,363143,98212,250897,9207,46462,123151,3769934,132124,114975,-,-,82799,18322,543467,89900,26468,46896,62167,85654,32069,197711,52043,96378,10464,40629,12934,1120569,150114,8959,765271,41504,38517
"2019.07",11302975,443122,1230419,-,-,156406,69488,1139671,205065,209939,231955,391095,986542,318267,1092958,282677,845351,97304,266896,77944,1651491,215929,282476,828915,96756,182308,7256194,300839,1099415,-,-,50451,48572,573727,118680,177255,181438,322307,901160,281864,892006,228589,743468,88350,226970,64592,408124,74563,271501,9432,57391,135500,4046781,142283,131004,-,-,105955,20916,565944,86385,32684,50517,68788,85382,36403,200952,54088,101883,8954,39926,13352,1243367,141366,10975,819483,39365,46808
"2019.08",11418155,447965,1198465,-,-,154251,69003,912495,162540,222228,212401,337705,1039664,308960,1215522,321530,874832,112212,279352,77351,1692768,220069,309178,917005,129122,203535,7297655,300061,1052009,-,-,47733,46365,476516,94949,191747,163181,275423,951030,275101,993192,263288,768060,90930,241237,63553,370650,80794,298900,8617,86447,157872,4120500,147904,146456,-,-,106518,22638,435979,67591,30481,49220,62282,88634,33859,222330,58242,106772,21282,38115,13798,1322118,139275,10278,908388,42675,45663
"2019.09",11397646,435676,1096363,-,-,147118,69440,1187128,201008,228842,212056,343934,1102640,325269,1233759,374542,859634,169793,291520,82670,1370146,166651,276810,854892,174802,192953,7453120,297571,983976,-,-,47703,49021,609108,115794,197228,167055,279974,1016509,291344,1014429,307940,748147,150954,255817,66647,285209,74911,265898,8490,67136,152259,3944526,138105,112387,-,-,99415,20419,578020,85214,31614,45001,63960,86131,33925,219330,66602,111487,18839,35703,16023,1084937,91740,10912,846402,107666,40694
"2019.10",12008033,445118,1200192,-,-,133779,78616,1413279,212645,235527,206328,406650,1158245,349396,1190483,313056,907585,106702,324803,88768,1486653,206700,302371,913722,121149,206265,7847984,298319,1034377,-,-,43095,57344,792626,125218,205645,166009,334157,1056758,313271,990406,255042,800059,94622,283872,72501,298475,97841,291401,10288,71022,155636,4160049,146799,165815,-,-,90684,21272,620653,87427,29882,40319,72493,101487,36125,200077,58014,107526,12080,40931,16267,1188178,108859,10970,903434,50127,50629
"2019.11",12991605,528007,1357353,-,-,147454,85392,1710042,251485,232236,216318,417226,1210348,361415,1198157,325846,932759,159418,329462,86415,1497585,206813,369420,1026981,134574,206900,8459948,371262,1182033,-,-,49453,60964,967541,141043,200566,175061,349385,1087433,324495,998096,262344,823204,97218,287279,71480,312162,95627,356733,11339,80985,154245,4531657,156745,175320,-,-,98001,24428,742501,110442,31670,41257,67841,122915,36920,200061,63502,109555,62200,42183,14935,1185423,111186,12687,1015642,53589,52655
"2019.12",12843750,554877,1213392,-,-,178831,103299,1462342,231875,245214,242365,361262,1193049,442747,1217181,341186,927285,115796,323767,87025,1619104,184605,345362,1059286,180256,213645,8266692,373240,1059732,-,-,62766,74821,821513,125924,213427,195465,300435,1087621,394924,1005565,268793,817291,96634,280163,71368,322908,84016,328055,13650,114148,154233,4577058,181637,153660,-,-,116065,28478,640829,105951,31787,46900,60827,105428,47823,211616,72393,109994,19162,43604,15657,1296196,100589,17307,1045636,66108,59412
"2020.01",12098574,606270,1063030,877048,185982,167000,95234,1055242,182390,173301,228618,274151,1146509,327048,1355630,492472,924081,119312,305596,114253,1404685,156501,318519,1063619,168271,356840,8167641,440490,931270,784145,147125,59840,74910,609908,128834,137240,191571,235949,1039793,307783,1178981,438594,839579,69018,270941,102699,309396,74392,306592,14676,112378,292807,3930933,165780,131760,92903,38857,107160,20324,445334,53556,36061,37047,38202,106716,19265,176649,53878,84502,50294,34655,11554,1095289,82109,11927,1048943,55893,64033
"2020.02",11884677,674827,1250751,1010114,240637,186751,107398,986168,189891,168500,215694,280908,1065530,384914,1419357,481068,1133923,153960,375440,116642,684536,57759,334652,1135181,157638,323190,8396699,504420,1089048,910562,178486,68093,85416,545030,133598,130282,180269,242575,956479,360789,1233575,443256,1041937,68346,335561,104678,114889,26031,324503,17340,118238,272346,3487978,170407,161703,99552,62151,118658,21982,441138,56293,38218,35425,38333,109051,24125,185782,37812,91986,85614,39879,11964,569647,31728,10149,1117841,39400,50844
"2020.03",12439142,759258,1298534,1075161,223373,260453,110252,1160673,227319,148699,222295,355634,1005016,399680,1548428,554202,1236729,196688,435871,126326,358058,21532,361009,1252296,75497,324693,8798434,559985,1126929,959850,167079,91410,87227,631215,154958,111825,178923,307389,866668,375302,1351873,506646,1128612,78692,390349,113081,59213,9303,348530,20297,43929,256078,3640708,199273,171605,115311,56294,169043,23025,529458,72361,36874,43372,48245,138348,24378,196555,47556,108117,117996,45522,13245,298845,12229,12479,1231999,31568,68615
"2020.04",11913275,719961,1246750,1044636,202114,204465,101037,1159378,235172,135553,202474,425931,982493,390843,1434034,500913,1055996,129962,398746,126422,439688,30750,346568,1263001,124663,258478,8325525,527555,1087985,922652,165333,77302,80520,622784,152345,98689,160589,375920,858923,364617,1241042,452774,950664,88729,355694,112288,54540,17952,329989,19846,94609,200169,3587750,192406,158765,121984,36781,127163,20517,536594,82827,36864,41885,50011,123570,26226,192992,48139,105332,41233,43052,14134,385148,12798,16579,1243155,30054,58309
"2020.05",12552441,614228,1516238,1249831,266407,170804,99885,1289693,271157,153351,228931,475128,962443,394902,1405946,443880,1137418,141621,397567,126839,550677,53435,353267,1320810,98988,345233,8769135,448021,1326631,1118453,208178,58493,79663,709110,189382,115166,184238,418936,839840,368934,1215881,400175,1029703,98737,356299,114123,77565,36891,338376,20150,65617,277204,3783306,166207,189607,131378,58229,112311,20222,580583,81775,38185,44693,56192,122603,25968,190065,43705,107715,42884,41268,12716,473112,16544,14891,1300660,33371,68029
"2020.06",12508478,584489,1459321,1253409,205912,170991,99815,1293204,278675,157391,234539,473507,1031949,364106,1357491,449916,1144988,268300,392272,128447,582768,45366,322707,1253492,104283,310461,8585711,410265,1288484,1127648,160836,58902,79178,688233,189082,118313,187199,418849,888819,337029,1167379,403608,1040661,99839,351915,115148,77913,22939,311720,19877,66690,243669,3922767,174224,170837,125761,45076,112089,20637,604971,89593,39078,47340,54658,143130,27077,190112,46308,104327,168461,40357,13299,504855,22427,10987,1233615,37593,66792
"2020.07",12845894,627477,1319735,1086327,233408,192838,102546,1100533,244370,169311,246560,489664,1070731,370888,1496279,493493,1191519,169968,379171,138220,782008,78956,356229,1378784,114718,331894,8789898,453731,1159448,977886,181562,66149,81535,578256,162396,128752,199415,436152,933443,343811,1279345,447361,1087076,107948,338521,124028,111901,46775,340706,21120,75882,266147,4055996,173746,160287,108441,51846,126689,21011,522277,81974,40559,47145,53512,137288,27077,216934,46132,104443,62020,40650,14192,670107,32181,15523,1357664,38836,65747
"2020.08",13415501,655302,1536013,1167355,368658,206849,96104,934468,198913,161919,220971,404842,1135896,366351,1553827,530773,1256466,186481,406125,136638,780715,58876,362136,1677419,164299,384115,9113363,479911,1345892,1069234,276658,70870,75259,480573,133415,120990,175874,360072,1012780,338902,1351941,481543,1149036,87743,363752,122461,120674,19103,350545,25959,127081,318987,4302138,175391,190121,98121,92000,135979,20845,453895,65498,40929,45097,44770,123116,27449,201886,49230,107430,98738,42373,14177,660041,39773,11591,1651460,37218,65128
"2020.09",13818699,711784,1311734,1015316,296418,222966,108577,1181607,218111,158551,207302,443762,1127110,383837,1895413,782980,1204082,194519,443504,139446,546396,40800,412319,1604224,142442,337233,9505535,524115,1130794,914292,216502,77611,87135,607104,143369,117221,165572,393497,991399,353482,1639377,718953,1093803,101784,395805,125128,60897,15590,398129,24571,76003,264196,4313164,187669,180940,101024,79916,145355,21442,574503,74742,41330,41730,50265,135711,30355,256036,64027,110279,92735,47699,14318,485499,25210,14190,1579653,66439,73037
"2020.10",13856877,615848,1535090,1137037,398053,172641,115409,1632239,260178,164310,213669,544942,1081927,388526,1554795,533924,1142728,156100,446688,144256,678812,78827,371926,1546882,161062,316098,9401109,443098,1307827,1000924,306903,60576,92800,872127,178726,125844,171648,485516,966783,359430,1350400,483753,1046027,96755,400730,130113,93980,44226,361232,23909,71102,234507,4455768,172750,227263,136113,91150,112065,22609,760112,81452,38466,42021,59426,115144,29096,204395,50171,96701,59345,45958,14143,584832,34601,10694,1522973,89960,81591
"2020.11",14978279,736314,1824791,1332687,492104,186634,128597,1772274,312872,166712,237435,532682,1182673,397184,1655339,560558,1180297,214287,443711,145601,684439,69377,417358,1643228,134682,351233,10171799,532392,1501635,1177827,323808,68761,104490,942742,200038,124942,192130,475014,1045628,366235,1437453,503390,1077690,142263,399019,131292,101894,39064,406365,24046,88626,266690,4806480,203922,323156,154860,168296,117873,24107,829532,112834,41770,45305,57668,137045,30949,217886,57168,102607,72024,44692,14309,582545,30313,10993,1619182,46056,84543
"2020.12",15972133,915378,1716654,1287143,429511,256385,172918,1532437,271389,158409,285067,468063,1148286,519588,1879418,737017,1344804,193706,487828,160729,469642,7443,538489,2198156,143767,366562,10777617,646333,1449636,1144023,305613,97870,143749,802847,178756,119498,228890,415621,1002130,480171,1639485,664591,1232277,135350,436882,144634,48092,3624,520506,30535,83334,272806,5194516,269045,267018,143120,123898,158515,29169,729590,92633,38911,56177,52442,146156,39417,239933,72426,112527,58356,50946,16095,421550,3819,17983,2167621,60433,93756
"2021.01",15005394,886377,1747595,1270735,476860,259470,131436,1124884,206175,155942,241517,358295,1147751,397306,1981958,806650,1258550,144194,473875,158243,496568,29029,473998,2056065,178931,290585,10175138,645322,1426119,1092958,333161,94562,108195,565457,132706,115918,192518,337328,1016050,370251,1716279,732120,1157781,99017,424858,142245,53657,16481,461955,27360,117807,221152,4830256,241055,321476,177777,143699,164908,23241,559427,73469,40024,48999,20967,131701,27055,265679,74530,100769,45177,49017,15998,442911,12548,12043,2028705,61124,69433
"2021.02",13740166,849681,1494087,1157483,336604,220264,119851,1032236,224225,173834,222517,325108,966912,366290,1741479,702649,1118099,161497,434696,138320,569669,68847,490846,1852198,181705,285156,9182328,627168,1236945,971584,265361,75048,97625,501861,139290,122313,175795,302560,843833,340233,1501135,636972,1027849,85932,389504,123545,74874,42084,470799,24010,135266,207687,4557838,222513,257142,185899,71243,145216,22226,530375,84935,51521,46722,22548,123079,26057,240344,65677,90250,75565,45192,14775,494795,26763,20047,1828188,46439,77469
"2021.03",15809617,871089,1665078,1233850,431228,269670,139339,1494215,314281,203069,266732,449411,1111699,417464,1840361,646141,1274660,358890,497188,158226,612314,77868,498738,1998260,270543,374382,10455287,623732,1404645,1039655,364990,91279,113917,742484,201609,141276,210198,419523,962863,386789,1589367,574569,1171063,99309,448903,142575,80413,45033,479938,19886,224640,281276,5354330,247357,260433,194195,66238,178391,25422,751731,112672,61793,56534,29888,148836,30675,250994,71572,103597,259581,48285,15651,531901,32835,18800,1978374,45903,93106
"2021.04",14950574,732751,1523437,1192345,331092,191687,130299,1438327,284306,193441,268753,509969,1096267,428652,1823237,629164,1223896,193664,442887,155935,690807,76061,455679,2009624,151005,300727,9916987,538077,1318875,1060893,257982,68373,106698,721851,174943,133496,211815,472138,945696,396185,1566995,557703,1122558,119909,400032,139679,93681,41778,436162,17847,105610,226886,5033587,194674,204562,131452,73110,123314,23601,716476,109363,59945,56938,37831,150571,32467,256242,71461,101338,73755,42855,16256,597126,34283,19517,1991777,45395,73841
"2021.05",15877834,728700,1694043,1367817,326226,188235,116189,1404875,317546,192802,283261,503709,1199025,425263,1873785,644274,1269005,407472,434575,158686,771440,90443,509423,2188805,163733,312544,10442818,556804,1499572,1236806,262766,65907,95199,711434,195683,132390,223786,471594,1060633,398232,1608460,574007,1165240,122558,395948,143853,113173,43974,492985,18769,119095,233522,5435016,171896,194471,131011,63460,122328,20990,693441,121863,60412,59475,32115,138392,27031,265325,70267,103765,284914,38627,14833,658267,46469,16438,2170036,44638,79022
"2021.06",15419962,663578,1635537,1304531,331006,180939,113739,1416603,322636,181809,268901,493076,1096774,379458,1788855,612349,1255240,533645,429089,159458,789307,114356,496434,2019596,194354,274226,9915931,479297,1439511,1160127,279384,66908,92986,693846,188095,121911,210969,460123,920638,351278,1535283,542001,1152158,125014,389817,144652,109259,58332,483477,15812,148840,185724,5504031,184281,196026,144404,51622,114031,20753,722757,134541,59898,57932,32953,176136,28180,253572,70348,103082,408631,39272,14806,680048,56024,12957,2003784,45514,88502
"2021.07",15927254,751062,1914546,1597457,317089,222672,110047,1298145,273041,190635,281122,512539,1052667,399376,1903206,650408,1313795,184325,425914,165141,789194,80643,499345,2418059,207668,283703,10367404,537729,1695323,1425064,270259,82783,90225,637875,166664,128017,219903,479013,885430,372188,1636224,577872,1210903,108143,387271,148854,109286,32762,481890,19619,158534,200896,5559850,213333,219223,172393,46830,139889,19822,660270,106377,62618,61219,33526,167237,27188,266982,72536,102892,76182,38643,16287,679908,47881,17455,2398440,49134,82807
"2021.08",15533474,774229,1665114,1197748,467366,218647,113421,1077244,235759,192678,261076,464797,974706,374984,1982391,706447,1290387,308862,427867,169974,787989,90357,494683,2455894,203378,262588,9869004,566837,1427265,1075751,351514,81888,93298,506355,130425,126449,199654,433678,817425,349410,1697914,628011,1186364,103139,386685,152744,101725,35591,480980,18588,157376,187203,5664470,207392,237849,121997,115852,136759,20123,570889,105334,66229,61422,31119,157281,25574,284477,78436,104023,205723,41182,17230,686264,54766,13703,2437306,46002,75385
"2021.09",15926493,736291,1570949,1138945,432004,207070,117905,1365211,254781,206281,260561,504565,1061988,379942,2080059,848002,1278449,357732,420552,165238,759768,88810,544673,2231054,224920,261694,10286402,557325,1354137,1029079,325058,73246,97410,625954,153887,133745,196901,472117,901191,354237,1789698,764580,1172733,119393,384663,148936,95558,39096,527085,15150,114466,194894,5640091,178966,216812,109866,106946,133824,20495,739257,100894,72536,63660,32448,160797,25705,290361,83422,105716,238339,35889,16302,664210,49714,17588,2215904,110454,66800
"2021.10",16685954,729530,2024371,1259780,764591,183503,137595,1829699,301715,226365,286796,584014,1029706,407279,1901883,651166,1326992,224602,451944,175109,889575,133035,464374,2307756,142147,276798,10676031,526883,1704904,1120286,584618,63060,115714,869441,185858,139004,215197,550443,881346,378869,1624853,572078,1220558,123049,414037,157665,120091,64770,451997,15732,80451,200031,6009923,202647,319467,139494,179973,120443,21881,960258,115857,87361,71599,33571,148360,28410,277030,79088,106434,101553,37907,17444,769484,68265,12377,2292024,61696,76767
"2021.11",17298059,832499,1999871,1478880,520991,206931,150559,1996617,340226,226202,304898,541270,1119776,420119,1934971,658584,1336304,380749,453877,174413,981279,173315,523554,2124448,136609,280987,11101308,603401,1746197,1316128,430069,65655,126482,942331,202450,134311,225482,508039,955436,386868,1667024,580345,1223023,138740,416464,156660,143177,90542,504586,9746,73137,201212,6196751,229098,253674,162752,90922,141276,24077,1054286,137776,91891,79416,33231,164340,33251,267947,78239,113281,242009,37413,17753,838102,82773,18968,2114702,63472,79775
"2021.12",18048329,961286,1759395,1307380,452015,258394,193861,1895889,341852,231770,373651,504776,1019900,544895,2062019,777554,1444972,286386,479119,184107,967224,133937,647950,2497898,151394,330100,11463118,687452,1558600,1164314,394286,95124,166358,880776,204323,133343,273851,470861,826680,500929,1776660,683604,1328921,139287,439176,165379,116985,54547,625620,13350,78359,242933,6585211,273834,200795,143066,57729,163270,27503,1015113,137529,98427,99800,33915,193220,43966,285359,93950,116051,147099,39943,18728,850239,79390,22330,2484548,73035,87167
"2022.01",16947601,857109,1647118,1253022,394096,241890,140741,1393530,263344,228580,317812,392092,926667,392839,2323255,1033083,1351648,250325,443167,177540,933931,123433,630161,2431326,168309,279701,10863204,620662,1445343,1094322,351021,92862,121480,626957,146457,129092,230225,367565,777286,367434,2004808,924356,1234648,108681,401741,160315,134673,67846,586766,11426,75742,226839,6084397,236447,201775,158700,43075,149028,19261,766573,116887,99488,87587,24527,149381,25405,318447,108727,117000,141644,41426,17225,799258,55587,43395,2419900,92567,52862
"2022.02",15827597,943650,1802121,1270414,531707,228826,138402,1250015,254386,227861,292998,367342,908626,389246,1964165,665832,1333169,240079,471393,168644,781192,87068,562045,2281725,179230,289580,10136203,704958,1519259,1109182,410077,82394,118483,555056,138221,125865,207674,343361,769237,364148,1678707,580866,1226975,99677,427731,151711,110357,44132,528321,10434,110926,237710,5691394,238692,282862,161232,121630,146432,19919,694959,116165,101996,85324,23981,139389,25098,285458,84966,106194,140402,43662,16933,670835,42936,33724,2271291,68304,51870
"2022.03",17681482,895682,1661714,1247552,414162,288618,150709,1671285,327221,243024,301229,477696,1002663,442063,2278847,819564,1459725,429300,478891,187743,921597,113285,601335,2422412,202627,304252,11162231,653345,1405986,1074720,331266,100043,128838,759618,186104,138793,221036,447651,831826,411165,1968572,717237,1337215,112454,438816,169766,122914,64218,568209,11154,129908,237363,6519251,242337,255728,172832,82896,188575,21871,911667,141117,104231,80193,30045,170837,30898,310275,102327,122510,316846,40075,17977,798683,49067,33126,2411258,72719,66889
"2022.04",16930178,717002,1554476,1202620,351856,210169,145213,1768628,340067,227229,297406,548143,914043,469053,2132255,741042,1338222,282352,421921,178635,1297918,167986,555143,2135566,193552,294157,10733900,537069,1355812,1054925,300887,75752,124750,820227,203666,133061,220979,514288,778950,435550,1832117,642335,1226357,130409,385291,161662,196805,85432,523629,9147,122080,218532,6196278,179933,198664,147695,50969,134417,20463,948401,136401,94168,76427,33855,135093,33503,300138,98707,111865,151943,36630,16973,1101113,82554,31514,2126419,71472,75625
"2022.05",17784056,734353,1716531,1342253,374278,199924,130811,1748502,369202,232795,323253,584236,981610,454589,2192917,735748,1380382,387862,428034,187179,1514222,252642,625029,2118858,196430,288946,11224103,561017,1541404,1216028,325376,65006,111899,810737,207599,137287,235792,543290,829644,426891,1880401,645403,1270661,115805,392318,168188,235120,103325,592572,10193,117307,222244,6559953,173336,175127,126225,48902,134918,18912,937765,161603,95508,87461,40946,151966,27698,312516,90345,109721,272057,35716,18991,1279102,149317,32457,2108665,79123,66702
"2022.06",17186738,638140,1683784,1331774,352010,177803,129338,1639398,338527,228128,315649,515473,941103,404665,2098525,707182,1368945,461125,417428,188369,1509874,311577,515592,2113701,207743,274668,10604070,470719,1508662,1195095,313567,59565,110860,722770,197007,127957,230066,483262,778305,373514,1798505,619453,1259656,111841,382046,169866,221677,146208,485032,9254,132317,205528,6582668,167421,175122,136679,38443,118238,18478,916628,141520,100171,85583,32211,162798,31151,300020,87729,109289,349284,35382,18503,1288197,165369,30560,2104447,75426,69140
"2022.07",17448009,699112,1774119,1392860,381259,211863,129398,1520069,306407,220643,318959,524621,855691,408449,2152629,715896,1382460,286048,406514,188363,1673687,265538,589275,2297105,222615,298550,10796500,507918,1586379,1244705,341674,67921,109265,683489,179565,131243,232548,493775,709698,382217,1853322,629788,1277211,120175,370378,171538,251887,106986,553998,10300,145906,220993,6651509,191194,187740,148155,39585,143942,20133,836580,126842,89400,86411,30846,145993,26232,299307,86108,105249,165873,36136,16825,1421800,158552,35277,2286805,76709,77557
"2022.08",18119933,726006,1791461,1245593,545868,219179,137944,1320197,295945,237097,307539,496034,882205,413402,2512599,892953,1456385,450284,433886,200606,1713992,245879,612826,2274670,200805,298040,11178247,539120,1527927,1116427,411500,70390,114523,570209,153081,140589,217934,463760,742720,385533,2157453,797095,1346939,117786,394411,179904,230317,97546,579148,10003,118168,223691,6941686,186886,263534,129166,134368,148789,23421,749988,142864,96508,89605,32274,139485,27869,355146,95858,109446,332498,39475,20702,1483675,148333,33678,2264667,82637,74349
"2022.09",17409415,684799,1619684,1080810,538874,202178,139082,1611461,297514,232017,292988,522806,897013,402005,2252254,834066,1328001,536563,404081,192670,1502390,215216,698777,2000486,264009,279356,10833174,515641,1435113,965520,469593,64670,118538,688894,168740,137218,208302,493110,764705,372514,1935505,741875,1223280,116268,370531,171817,220340,102311,654884,8477,112208,208233,6576241,169158,184571,115290,69281,137508,20544,922567,128774,94799,84686,29696,132308,29491,316749,92191,104721,420295,33550,20853,1282050,112905,43893,1992009,151801,71123
"2022.10",18092377,671761,2074121,1218060,856061,171879,154340,2012768,328694,220030,293429,594858,905143,427120,2159610,735877,1359010,255561,430880,196331,1633307,229605,617221,2137437,202852,280544,11326552,504756,1686476,1069654,616822,58629,133079,903850,197088,139034,216421,557042,784320,397103,1868571,647056,1255924,116580,395406,178285,264116,116796,585482,8477,104891,207170,6765825,167005,387645,148406,239239,113250,21261,1108918,131606,80996,77008,37816,120823,30017,291039,88821,103086,138981,35474,18046,1369191,112809,31739,2128960,97961,73374
"2022.11",18588076,800983,1862379,1343715,518664,198808,175450,2087792,377096,235748,324073,552234,919090,449916,2283751,764376,1421610,376998,434833,200675,1575596,202822,743226,2073404,236925,290291,11902674,611800,1666955,1215327,451628,66362,152273,920101,214843,138397,229204,521369,786549,418966,1974498,674836,1312895,139523,402604,182806,285458,115913,713671,8717,139251,225683,6685402,189183,195424,128388,67036,132446,23177,1167691,162253,97351,94869,30865,132541,30950,309253,89540,108715,237475,32229,17869,1290138,86909,29555,2064687,97674,64608
"2022.12",19108128,762779,1748026,1273520,474506,219264,210089,2053313,374567,222771,414493,504217,930109,543411,2310508,833845,1450150,303624,423958,206586,1758769,235088,784783,2298695,197819,321267,12011421,547242,1539542,1138768,400774,81379,185972,943296,233330,140985,305167,480321,788034,510203,1978365,737010,1340504,127325,390483,187142,291713,94088,750949,9396,97496,251479,7096707,215537,208484,134752,73732,137885,24117,1110017,141237,81786,109326,23896,142075,33208,332143,96835,109646,176299,33475,19444,1467056,141000,33834,2289299,100323,69788
"2023.01",18092941,786621,1672337,1174450,497887,215093,151797,1477133,276884,233507,310413,371225,925358,404931,2566495,1070046,1329155,234235,415320,199910,1813974,199123,758332,2228850,186710,265493,11501834,594461,1487481,1050609,436872,82622,132092,632443,152438,149613,225661,349914,797367,381918,2208388,964816,1238918,108863,382825,183255,333655,75749,725830,9271,88478,195776,6591107,192160,184856,123841,61015,132471,19705,844690,124446,83894,84752,21311,127991,23013,358107,105230,90237,125372,32495,16655,1480319,123374,32502,2219579,98232,69717
"2023.02",17091028,889315,1759690,1106997,652693,216570,161474,1480062,304701,240414,288055,376512,878709,397790,2133643,731062,1271394,236494,447512,185181,1756818,191833,718433,2025751,181935,217681,10715037,669532,1487133,1007878,479255,73827,141451,625912,159979,146091,210733,350478,759439,373280,1846149,642145,1187808,104845,412069,167274,323625,82640,691133,8156,87697,163641,6375991,219783,272557,99119,173438,142743,20023,854150,144722,94323,77322,26034,119270,24510,287494,88917,83586,131649,35443,17907,1433193,109193,27300,2017595,94238,54040
"2023.03",18739354,865533,1584774,1120703,464071,259131,178186,1943085,370626,265217,323430,502441,974818,460467,2450157,817112,1446814,360977,476065,208222,1740463,204901,760857,2107688,185831,252560,11605600,620512,1421786,1032198,389588,94622,156556,856582,215166,156952,240713,468503,823170,429896,2099481,722935,1348956,124344,436542,189922,159259,20166,734025,8313,88920,188279,7133754,245021,162988,88505,74483,164509,21630,1086503,155460,108265,82717,33938,151648,30571,350676,94177,97858,236633,39523,18300,1581204,184735,26832,2099375,96911,64281
"2023.04",17913822,678753,1508327,1122717,385610,183756,157862,1785772,341853,245231,308901,519749,971813,458637,2350246,785085,1359585,267159,420375,197865,1822434,219578,764892,2101926,209821,254204,11088351,500939,1368290,1037254,331036,69122,139497,773684,200525,153839,232394,485161,849749,428441,2022997,693030,1266010,121075,385703,180004,164294,18089,736334,8104,120821,170249,6825471,177814,140037,85463,54574,114634,18365,1012088,141328,91392,76507,34588,122064,30196,327249,92055,93575,146084,34672,17861,1658140,201489,28558,2093822,89000,83955
"2023.05",19377265,711866,1801882,1389725,412158,190236,146336,1891117,371785,248617,332936,567933,1021932,472700,2497456,833960,1474645,307614,440050,210529,2123867,262372,849873,2181252,196569,241738,11992289,552184,1656730,1298031,358699,63054,128236,818091,218445,152276,248731,529211,896050,445290,2144450,737596,1374557,128827,404407,192029,185661,19235,816459,7825,104248,168697,7384976,159682,145152,91694,53459,127182,18100,1073026,153340,96341,84205,38722,125882,27410,353006,96364,100088,178787,35643,18500,1938206,243137,33414,2173427,92321,73041
"2023.06",18613986,641686,1716350,1365473,350877,169606,138992,1713749,334542,224031,308975,526419,957438,410678,2407027,823870,1448726,516956,426612,208708,2006204,334044,748069,2130345,195543,225417,11286506,478373,1580945,1277686,303259,61438,121268,717719,205795,137885,230803,488781,813403,384163,2091617,731933,1355460,125520,390082,190422,188852,19745,715976,6496,104794,145036,7327480,163313,135405,87787,47618,108168,17724,996030,128747,86146,78172,37638,144035,26515,315410,91937,93266,391436,36530,18286,1817352,314299,32093,2123849,90749,80381
"2023.07",18944311,676622,1806502,1422240,384262,208756,136456,1625302,331513,239503,325368,493383,945375,411983,2475054,846694,1476822,291021,437673,212853,2201101,273591,749907,2343782,210319,224731,11487273,502383,1671264,1335308,335956,78220,116824,654108,183260,147891,238043,457739,820327,387226,2154692,751357,1385763,126781,400755,196368,215423,20865,715053,7127,118838,136966,7457038,174239,135238,86932,48306,130536,19632,971194,148253,91612,87325,35644,125048,24757,320362,95337,91059,164240,36918,16485,1985678,252726,34854,2336655,91481,87765
"2023.08",19192170,677180,1851786,1267242,584544,206016,143590,1385528,269176,240913,313726,477863,988916,405182,2625700,933098,1483082,331343,446502,219238,2239328,291798,828988,2369154,243695,220373,11635210,509920,1594096,1182960,411136,75277,123233,571015,158509,147944,227342,446225,853081,381628,2291877,827855,1391538,125782,405332,202139,188899,18328,797306,6742,148444,142698,7556960,167260,257690,84282,173408,130739,20357,814513,110667,92969,86384,31638,135835,23554,333823,105243,91544,205561,41170,17099,2050429,273470,31682,2362412,95251,77675
"2023.09",19182243,645567,1498452,1119532,378921,186770,140899,1598402,277322,231759,284887,487962,996657,398791,2738155,1177363,1400802,579771,412975,205228,2099358,222789,981820,2142087,269159,205269,11708632,501835,1366297,1046505,319792,67783,123002,625707,167937,143062,206750,455975,844569,373493,2378641,1063679,1313463,123365,378536,188743,173100,13970,946895,5721,109646,136463,7473611,143732,132155,73027,59129,118987,17897,972695,109385,88697,78137,31987,152088,25298,359514,113684,87339,456406,34439,16485,1926258,208819,34925,2136366,159513,68806
"2023.10",20154711,637838,2185418,1258224,927195,166150,157430,2155439,362756,221860,292491,589987,1046767,444102,2465369,886890,1505726,411353,463495,222616,2128887,272744,909498,2189614,216138,222140,12309130,476870,1833862,1169454,664408,60717,138338,903231,209030,140222,215780,547848,920018,414246,2147211,783679,1409894,126934,429877,205882,178559,17804,875774,5494,116763,151097,7845581,160968,351556,88770,262787,105433,19092,1252208,153726,81638,76711,42139,126749,29856,318158,103211,95832,284419,33618,16734,1950328,254940,33724,2184120,99375,71043
"2023.11",21005357,757904,2125371,1542837,582533,194521,191161,2399632,381987,217745,368485,577084,1101844,456999,2582135,934344,1573101,553853,486124,218820,2034149,257594,932492,2161174,240338,258502,13050264,589426,1938150,1447416,490734,72366,169924,958650,235827,136331,277679,548212,934287,426315,2237673,829218,1470562,136579,448373,204407,201238,19143,899022,4881,133232,178769,7955093,168478,187221,95421,91799,122155,21237,1440982,146160,81414,90806,28872,167557,30684,344462,105126,102539,417274,37751,14413,1832911,238451,33470,2156293,107106,79733
"2023.12",20553525,740495,1767632,1294707,472925,231755,212957,2022867,333579,230104,420871,452949,1062436,520961,2550081,1009335,1535996,383846,463559,224260,2170749,248727,1061738,2419542,239389,249698,12577840,547240,1624374,1210610,413764,91109,191125,782152,208572,140876,308343,429318,889393,489427,2207743,901720,1438690,139284,426808,207779,204031,20839,1025231,5362,123709,174715,7975685,193255,143258,84097,59161,140646,21832,1240715,125007,89228,112528,23631,173043,31534,342338,107615,97306,244562,36751,16481,1966718,227888,36507,2414180,115680,74983
"2024.01",20234957,888606,1930539,1266213,664327,232776,174457,1527227,253317,225628,341764,387142,1089840,411080,2921009,1196706,1508603,277143,497529,223691,2321870,206991,903907,2246053,254878,214202,12746562,648906,1693706,1188252,505454,98414,154239,595213,153687,143315,256889,360909,963346,387611,2544299,1080242,1409985,128019,459551,209185,258310,18926,869749,4954,145708,161399,7488395,239700,236833,77961,158873,134362,20218,932014,99630,82313,84875,26233,126494,23469,376710,116464,98618,149124,37978,14506,2063560,188065,34158,2241099,109170,52803
"2024.02",19064554,843083,1708754,1197777,510977,209877,161167,1547048,302259,230368,323175,366511,961509,409663,2584821,1089474,1417876,281988,492470,205210,2148977,237765,972496,2151885,224162,194016,11872524,627452,1538050,1127359,410691,81934,142263,566965,154159,141757,235254,340210,847505,385645,2267939,983667,1328541,115117,455879,189898,238731,15530,937055,4363,134712,139898,7192030,215631,170704,70418,100286,127943,18904,980083,148100,88611,87921,26301,114004,24018,316882,105807,89335,166871,36591,15312,1910246,222235,35441,2147522,89450,54118
"2024.03",20429883,832397,1640963,1202416,438547,268447,185193,1872798,323501,242409,348152,473118,1079621,459935,2778132,1035958,1582957,647089,531598,222885,2096296,257016,867777,2278372,196171,209101,12561075,617690,1513968,1130892,383076,106222,164773,763919,194595,150204,244586,441404,916529,429697,2447322,929364,1484941,133527,481050,207430,220260,15303,836499,4216,104520,153056,7868808,214707,126995,71524,55471,162225,20420,1108879,128906,92205,103566,31714,163092,30238,330810,106594,98016,513562,50548,15455,1876036,241713,31278,2274156,91651,56045
"2024.04",19811787,690369,1670238,1269366,400872,191154,167045,1918894,334166,220091,343277,534244,1056091,476989,2770151,992316,1530973,342511,484384,218825,2088890,261367,867446,2208728,236521,207117,12435350,531504,1535969,1191384,344585,75549,150775,780353,200469,138564,244322,498859,932747,438892,2434237,886709,1443704,134209,437543,203851,224033,15675,838337,3271,142284,143494,7376437,158865,134269,77982,56287,115605,16270,1138541,133697,81527,98955,35385,123344,38097,335914,105607,87269,208302,46841,14974,1864857,245692,29109,2205457,94237,63623
"2024.05",20846241,694410,1789718,1396245,393473,197245,155194,1826229,359638,220125,358062,540851,1081591,468192,2892203,1045157,1605607,538559,468513,225727,2368875,243729,961980,2361090,237728,205816,12881435,559333,1654652,1317485,337167,69224,139024,733853,206887,138914,249897,505557,946093,436279,2539593,936778,1510852,136939,433870,210295,224742,15009,933982,3177,146961,149524,7964806,135077,135066,78760,56306,128021,16170,1092376,152751,81211,108165,35294,135498,31913,352610,108379,94755,401620,34643,15432,2144133,228720,27998,2357913,90767,56292
"2024.06",20047669,673350,1816644,1436617,380027,173473,138185,1774873,314022,194210,325062,492384,1019716,408755,2693269,975252,1562851,645812,453216,221167,2076706,330392,949779,2396064,233356,179131,12246312,520627,1688208,1354334,333874,66436,123243,668197,194330,124697,246189,458842,858774,381419,2371021,875061,1470234,131690,420170,205786,220771,17464,919761,3121,146441,133830,7801357,152723,128436,82283,46153,107037,14942,1106676,119692,69513,78873,33542,160942,27336,322248,100191,92617,514122,33046,15381,1855935,312928,30018,2392943,86915,45301
"2024.07",19915774,628057,1965754,1422906,542848,226243,149470,1642716,315584,210972,350067,459894,988749,406607,2836123,979181,1641286,414481,450684,228890,2271977,273051,517704,2538471,233285,186529,11825516,451209,1724634,1337006,387628,88436,131882,586725,184816,127974,250141,427553,860000,374614,2485278,875917,1550261,130735,417317,213326,160052,15605,487179,3193,144647,134022,8090258,176848,241120,85900,155220,137807,17588,1055991,130768,82998,99926,32341,128749,31993,350845,103264,91025,283746,33367,15564,2111925,257446,30525,2535278,88638,52507
"2024.08",19576496,587642,1652635,1217636,434999,211296,148944,1361506,273239,196022,302854,426084,1013608,397740,3031768,1062833,1601907,441659,445313,229778,2331869,291031,426813,2721278,239174,181504,11415063,430890,1481062,1137834,343228,81552,129942,481254,145999,123703,216231,395110,868777,366369,2617673,951834,1516333,120207,412297,213453,162221,11596,399814,3502,147210,138034,8161433,156752,171573,79802,91771,129744,19002,880252,127240,72319,86623,30974,144831,31371,414095,110999,85574,321452,33016,16325,2169648,279435,26999,2717776,91964,43470
"2024.09",19600497,575979,1864561,1126115,738446,203659,146241,1528588,271455,199459,297372,444287,1015545,392627,3027187,1216536,1511211,353862,424682,217261,2073049,329379,502661,2512737,301714,190446,11601975,423560,1549227,1041201,508026,76254,129676,523326,155878,124745,205610,411015,863530,364105,2622635,1103304,1427043,119033,394566,201836,135397,9932,469335,3017,146859,142092,7998522,152419,315334,84914,230420,127405,16565,1005262,115577,74714,91762,33272,152015,28522,404552,113232,84168,234829,30116,15425,1937652,319447,33326,2509720,154855,48354
"2024.10",20205664,569804,1785079,1200401,584678,205329,170306,2080411,308734,196042,317547,531894,1030746,433604,2893701,1029091,1600420,350899,484370,234108,2262325,269677,445025,2534260,275673,196619,11960333,413710,1547952,1109994,437958,78116,152533,782316,186397,124255,223608,494667,901709,398783,2542428,917102,1507010,132305,446979,218267,157570,9778,411346,2700,177755,133047,8245331,156094,237127,90407,146720,127213,17773,1298095,122337,71787,93939,37227,129037,34821,351273,111989,93410,218594,37391,15841,2104755,259899,33679,2531560,97918,63572
"2024.11 p)",21141558,729187,1897820,1409811,488009,204509,188818,2418835,391094,192380,335246,521867,1083497,450416,2905406,1037409,1610863,496629,493124,232198,2105361,251388,524509,2487346,374884,208772,12748695,566479,1723798,1319446,404352,77641,172407,875388,224138,123623,236962,491486,927567,414770,2560061,925396,1517676,140333,456243,217102,165028,10571,496918,2438,276463,146207,8392863,162708,174022,90365,83657,126868,16411,1543447,166956,68757,98284,30381,155930,35646,345345,112013,93187,356296,36881,15096,1940333,240817,27591,2484908,98421,62565
"2024.12 p)",21214661,689092,1679357,1223639,455718,235812,218446,2147784,342373,202909,402505,434342,1142257,525573,2924669,1117615,1609319,357131,468256,239422,2233121,200292,573519,2843929,407192,219747,12534532,488863,1520555,1136608,383947,98198,199201,736014,192502,120813,258564,403806,950478,484319,2590190,1004600,1503954,130931,431446,223954,175664,13138,545102,2022,301613,158605,8680129,200229,158802,87031,71771,137614,19245,1411770,149871,82096,143941,30536,191779,41254,334479,113015,105365,226200,36810,15468,2057457,187154,28417,2841907,105579,61142
